id;title;description;give_consent;arrangements;service_user_signature;signature_image;signature_image_content_type;signature_image_url;consent_date;created_date;last_updated_date;client_id;has_extra_data
1;Frozen Buckinghamshire morph;Towels Networked Dong;false;invoice;Knolls;../fake-data/blob/hipster.png;image/png;Plastic mission-critical;2021-01-21T02:18:43;2021-01-21T03:23:43;2021-01-21T00:19:38;64293;false
2;Grocery Technician Overpass;human-resource Squares;true;capacitor;mobile;../fake-data/blob/hipster.png;image/png;Ergonomic payment;2021-01-21T02:26:30;2021-01-21T05:37:30;2021-01-20T23:52:13;78566;false
3;maroon bypass Identity;user-centric Burundi;false;Intelligent Rubber Pizza;Beauty Practical Soft Mouse;../fake-data/blob/hipster.png;image/png;Barbados Branding;2021-01-21T05:26:31;2021-01-20T19:43:11;2021-01-20T15:00:52;69847;true
4;withdrawal knowledge base Architect;New Hampshire Awesome 1080p;true;Swedish Krona Boliviano Mvdol;index Persistent;../fake-data/blob/hipster.png;image/png;Infrastructure;2021-01-20T18:29:22;2021-01-21T04:44:10;2021-01-20T11:11:29;48012;true
5;Gorgeous Cotton Hat;Customer-focused backing up Burundi;true;Small Rubber Hat invoice Executive;Lithuanian Litas Identity Heights;../fake-data/blob/hipster.png;image/png;Health pink;2021-01-21T05:28:00;2021-01-20T22:23:33;2021-01-20T17:31:33;27064;false
6;eyeballs;United States Minor Outlying Islands backing up architecture;false;Borders Small Wooden Pizza Handcrafted Concrete Chair;COM visualize;../fake-data/blob/hipster.png;image/png;Table bi-directional Tugrik;2021-01-21T01:38:18;2021-01-21T00:09:22;2021-01-20T14:20:11;92206;true
7;Borders;Fresh AGP;false;payment;Alaska Saint Martin;../fake-data/blob/hipster.png;image/png;solid state;2021-01-20T18:31:06;2021-01-20T21:23:09;2021-01-21T01:50:25;47606;true
8;Handmade Plastic Fish;Plastic;true;customized payment;program Directives;../fake-data/blob/hipster.png;image/png;Cheese;2021-01-20T12:38:06;2021-01-20T17:41:08;2021-01-21T09:01:33;52525;false
9;Generic Metal Ball;payment;false;Burundi Franc Buckinghamshire Generic Cotton Bacon;Automotive Licensed Wooden Mouse workforce;../fake-data/blob/hipster.png;image/png;interface Checking Account Fresh;2021-01-21T05:01:27;2021-01-21T01:08:13;2021-01-21T05:42:43;12575;true
10;Mozambique convergence Health;auxiliary program upward-trending;true;Practical;Refined Wooden Computer wireless Steel;../fake-data/blob/hipster.png;image/png;Parkways;2021-01-21T00:58:06;2021-01-21T08:35:40;2021-01-20T18:40:34;98860;false
