id;title;first_name;middle_name;last_name;preferred_name;service_user_code;date_of_birth;last_visit_date;start_date;support_type;service_user_category;vulnerability;service_priority;source;status;first_language;interpreter_required;activated_date;profile_photo;profile_photo_content_type;profile_photo_url;last_recorded_height;last_recorded_weight;has_medical_condition;medical_condition_summary;last_updated_date;tenant_id
1;OTHER;Jay;Practical Rubber Fish Plains;Olson;Generic Plastic Sausages ;channels Antigua and Barbuda;2020-11-19;2020-11-18T09:34:26;2020-11-18T10:26:40;REABLEMENT;MENTAL_HEALTH;MENTAL_HEALTH;LOW;UNKNOWN;ACTIVE;bypassing;false;2020-11-18T13:33:19;../fake-data/blob/hipster.png;image/png;primary Hat Money Market Account;Small Steel Sausages Bedfordshire;microchip;false;user-centric Innovative;2020-11-18T12:08:50;55209
2;MRS;Lauriane;Rustic Steel Shoes circuit De-engineered;Jacobi;Director plum zero tolera;Northern Mariana Islands protocol utilize;2020-11-18;2020-11-18T11:13:17;2020-11-18T14:04:11;COMPLEX_CARE_LIVE_IN;HIV_AIDS;MENTAL_HEALTH;LOW;PRIVATE_SERVICE_USER;ACTIVE;Concrete;false;2020-11-18T13:34:53;../fake-data/blob/hipster.png;image/png;online;Plastic;payment bypass bleeding-edge;false;payment Berkshire;2020-11-18T09:20:01;59002
3;MR;Marcella;innovative Configuration;Price;transmitter backing up;Multi-channelled;2020-11-18;2020-11-18T22:39:13;2020-11-18T12:42:39;PRIVATE;LEARNING_DISABILITIES;OLDER_PEOPLE;MEDIUM;UNKNOWN;ACTIVE;wireless;false;2020-11-19T06:26:14;../fake-data/blob/hipster.png;image/png;Forward Assurance;Gibraltar;Analyst ivory;false;pink Fantastic Wooden Salad indigo;2020-11-18T09:00:52;4649
4;OTHER;Arjun;redundant value-added;Prosacco;users;content;2020-11-18;2020-11-18T10:53:29;2020-11-18T10:59:25;DOMICILIARY_CARE;LEARNING_DISABILITIES;HIV_AIDS;LOW;REABLEMENT_REFERRAL;ACTIVE;Dynamic bi-directional AI;true;2020-11-18T16:10:48;../fake-data/blob/hipster.png;image/png;Points relationships;Parks withdrawal 1080p;actuating Graphical User Interface Executive;false;system;2020-11-19T05:04:00;84623
5;MSS;Laila;Bacon;Bergnaum;Central;Credit Card Account Gorgeous Metal Gloves Ergonomic;2020-11-19;2020-11-18T18:31:10;2020-11-19T06:40:46;DOMICILIARY_CARE;MENTAL_HEALTH;LEARNING_DISABILITIES;LOW;SOCIAL_SERVICES_REFERRAL;DEACTIVE;middleware;true;2020-11-18T15:27:13;../fake-data/blob/hipster.png;image/png;one-to-one;Assistant Licensed Haven;evolve Fantastic Cotton Keyboard deliverables;true;synthesizing deposit connect;2020-11-19T05:03:20;32125
6;MSS;Ethyl;Mexico e-enable invoice;Abbott;Books national;Utah;2020-11-19;2020-11-18T11:34:56;2020-11-18T09:27:30;COMPLEX_CARE_LIVE_IN;MENTAL_HEALTH;OLDER_PEOPLE;LOW;PRIVATE_SERVICE_USER;DEACTIVE;dot-com;false;2020-11-19T03:24:19;../fake-data/blob/hipster.png;image/png;Passage Kansas Identity;Customer Hawaii SDD;Central teal;false;Extensions Group;2020-11-18T21:17:59;38333
7;MR;Jettie;methodologies;Baumbach;Associate SSL;Soap Ergonomic;2020-11-18;2020-11-19T04:00:19;2020-11-18T23:55:40;COMPLEX_CARE_LIVE_IN;OLDER_PEOPLE;LEARNING_DISABILITIES;LOW;REABLEMENT_REFERRAL;ACTIVE;Massachusetts tangible;false;2020-11-18T14:35:06;../fake-data/blob/hipster.png;image/png;Ramp networks virtual;Buckinghamshire capacitor;deposit magenta;false;overriding Buckinghamshire global;2020-11-19T01:37:03;2016
8;MSS;Daryl;Concrete;Quitzon;Latvian Lats navigate cir;Alabama Automated solid state;2020-11-19;2020-11-19T00:25:34;2020-11-18T09:39:00;PRIVATE;PHYSICAL_SENSORY_IMPAIRMENT;MENTAL_HEALTH;LOW;REABLEMENT_REFERRAL;DEACTIVE;Reduced bandwidth Benin;true;2020-11-18T15:36:05;../fake-data/blob/hipster.png;image/png;French Polynesia emulation Savings Account;infrastructures;Awesome quantify;false;invoice;2020-11-18T17:51:43;3509
9;MR;Israel;Home Loan Account;Hudson;SDR;Supervisor;2020-11-18;2020-11-19T04:07:30;2020-11-18T08:31:22;REABLEMENT;MENTAL_HEALTH;LEARNING_DISABILITIES;HIGH;UNKNOWN;DEACTIVE;solid state integrate;true;2020-11-19T01:22:12;../fake-data/blob/hipster.png;image/png;clicks-and-mortar;enterprise Open-architected;Rupiah monetize Falls;true;Concrete;2020-11-18T08:11:42;4377
10;OTHER;Hershel;connect;Smith;throughput full-range;maximize benchmark;2020-11-18;2020-11-18T11:16:47;2020-11-19T04:00:46;EXTRA_CARE;PHYSICAL_SENSORY_IMPAIRMENT;SENSORY_IMPAIRMENT;LOW;SOCIAL_SERVICES_REFERRAL;DEACTIVE;Coves withdrawal Cambridg;true;2020-11-18T16:15:06;../fake-data/blob/hipster.png;image/png;bandwidth killer deposit;transmitting;Gorgeous Steel Bike;true;monitor invoice;2020-11-18T22:26:02;58390
